<?xml version="1.0" encoding="UTF-8"?>
<project-private xmlns="http://www.netbeans.org/ns/project-private/1">
    <editor-bookmarks xmlns="http://www.netbeans.org/ns/editor-bookmarks/2" lastBookmarkId="0"/>
    <open-files xmlns="http://www.netbeans.org/ns/projectui-open-files/2">
        <group>
            <file>file:/F:/Projeler/Staj%20Çalışmalarım/Tüpraş%20Yazılım%20Stajı%2008.08.16%20-%2009.09.16/Uygulamalar/Tüpraş%20Borsa/Projenin%20Kaynak%20Dosyaları/Kaynak%20Kodlar/src/tupras/odev/satilanlar.java</file>
            <file>file:/F:/Projeler/Staj%20Çalışmalarım/Tüpraş%20Yazılım%20Stajı%2008.08.16%20-%2009.09.16/Uygulamalar/Tüpraş%20Borsa/Projenin%20Kaynak%20Dosyaları/Kaynak%20Kodlar/src/tupras/odev/satin_al.java</file>
            <file>file:/F:/Projeler/Staj%20Çalışmalarım/Tüpraş%20Yazılım%20Stajı%2008.08.16%20-%2009.09.16/Uygulamalar/Tüpraş%20Borsa/Projenin%20Kaynak%20Dosyaları/Kaynak%20Kodlar/src/tupras/odev/menu.java</file>
        </group>
    </open-files>
</project-private>
