<jwrapper>
<BuildOutputFolder>E:\Yeni klas�r (2)\Tupras Odev\JWrapperBuild</BuildOutputFolder>
<BundleName></BundleName>
<SplashPNG>C:\Users\S_MiracS?la.Genc\Desktop\stock-exchange-icon-png-28.png.ico</SplashPNG>
<BundleLogoPNG>C:\Users\S_MiracS?la.Genc\Desktop\stock-exchange-icon-png-28.png.ico</BundleLogoPNG>
<InstallType>CurrentUser</InstallType>
<App>
  <Name>Tupras Borsa</Name>
  <LogoPNG>C:\Users\S_MiracS?la.Genc\Desktop\stock-exchange-icon-png-28.png.ico</LogoPNG>
  <MainClass></MainClass>
</App>
<SupportedLanguages>en</SupportedLanguages>
<SkipWindows>true</SkipWindows>
<SkipLinux>true</SkipLinux>
<SkipMacOS>true</SkipMacOS>
<NoStripJREs>true</NoStripJREs>
<WindowsElevation>None</WindowsElevation>
<WindowsElevationUiAccess>true</WindowsElevationUiAccess>
<File classpath='yes'>E:\Yeni klas?r (2)\Tupras Odev\dist\lib\mysql-connector-java-5.1.39-bin.jar</File>
<File classpath='yes'>E:\Yeni klas?r (2)\Tupras Odev\dist\Tupras_Odev.jar</File>
<JvmOptions>
</JvmOptions>
<!-- IMPORTANT place custom content BELOW this comment for compatibility with JW App -->


</jwrapper>
